[
    {
        "id": 1,
        "group": "Standard",
        "name": "Power Up",
        "items": [
            {
                "id": 1,
                "text": "Ground Crew Clearance",
                "value": "RECEIVED",
                "type": "confirmed"
            },
            {
                "id": 2,
                "text": "Packs",
                "value": "OFF",
                "type": "auto"
            },
            {
                "id": 3,
                "text": "Start Sequence",
                "value": "Announce",
                "type": "confirmed"
            },
            {
                "id": 7,
                "text": "Engine Start Switch",
                "value": "GRD",
                "readableValue": "Ground",
                "type": "auto"
            },
            {
                "id": 8,
                "text": "Engine Spool up",
                "value": "25%",
                "type": "auto"
            },
            {
                "id": 9,
                "text": "Engine Start Lever",
                "value": "IDLE",
                "type": "auto"
            }
        ]
    },
    {
        "id": 2,
        "group": "Emergency",
        "name": "Engine Failure",
        "items": [
            {
                "id": 100,
                "text": "Engine Mode Select",
                "value": "IGN",
                "readableValue": "Ignition",
                "type": "auto"
            },
            {
                "id": 101,
                "text": "APU",
                "value": "Start",
                "type": "auto"
            },
            {
                "id": 102,
                "text": "APU Bleed",
                "value": "ON",
                "type": "auto"
            },
            {
                "id": 103,
                "text": "Engine Masters",
                "value": "OFF",
                "type": "auto"
            },
            {
                "id": 104,
                "text": "Optimum speed",
                "readableValue": "250 knots",
                "value": "250kt",
                "type": "confirmed"
            }
        ]
    },
    {
        "id": 3,
        "group": "Standard",
        "name": "Electrical Power Up",
        "items": []
    },
    {
        "id": 4,
        "group": "Standard",
        "name": "Preliminary Preflight",
        "items": []
    },
    {
        "id": 5,
        "group": "Standard",
        "name": "Preflight",
        "items": []
    },
    {
        "id": 6,
        "group": "Standard",
        "name": "Before Start",
        "items": []
    },
    {
        "id": 7,
        "group": "Standard",
        "name": "Before Takeoff",
        "items": []
    },
    {
        "id": 8,
        "group": "Standard",
        "name": "Takeoff",
        "items": []
    },
    {
        "id": 9,
        "group": "Standard",
        "name": "Climb & Cruise",
        "items": []
    },
    {
        "id": 10,
        "group": "Standard",
        "name": "Descent",
        "items": []
    },
    {
        "id": 11,
        "group": "Standard",
        "name": "Approach",
        "items": []
    },
    {
        "id": 12,
        "group": "Standard",
        "name": "Landing ILS",
        "items": []
    },
    {
        "id": 13,
        "group": "Standard",
        "name": "Landing Roll",
        "items": []
    },
    {
        "id": 14,
        "group": "Standard",
        "name": "After Landing",
        "items": []
    },
    {
        "id": 15,
        "group": "Standard",
        "name": "Shutdown",
        "items": []
    },
    {
        "id": 16,
        "group": "Emergency",
        "name": "Electrical Cutoff",
        "items": []
    },
    {
        "id": 18,
        "group": "Emergency",
        "name": "Emergency Descent",
        "items": []
    },
    {
        "id": 19,
        "group": "Emergency",
        "name": "Ditching",
        "items": []
    }
]